postal_code,yelp_1,yelp_2,yelp_3,yelp_4,total_restaurants,review_count,stars,creditcard,bikeparking,outdoorseating,appointmentonly,goodforkids,perc_yelp_1,perc_yelp_2,perc_yelp_3,perc_yelp_4,city,agi,costindex,A02650,A00200,A00300,A00600,A00650,A01000,agi_1,agi_2,agi_3,agi_4,agi_5,agi_6,affluence,medianincome,zillowmeanprice19,zillowmeanprice18,whole_foods,core_power,trader_joes
15044,0,1,0,0,1,36,4.5,1,1,0,0,1,0,1,0,0,Pittsburgh,1760088,78.66,1785610,1259111,12535,45915,36333,62603,4090,2090,1630,1470,3240,2020,3,84957,160.7057976,161.2104306,0,0,0
15101,0,1,0,0,1,33,3.5,0,1,1,0,1,0,1,0,0,Pittsburgh,1167456,78.66,1186186,804369,6919,32227,25284,34583,3790,2220,1740,1410,2700,1090,3,72551,151.18784,151.8510224,0,0,0
15106,0,1,0,0,1,10,4,1,1,0,0,1,0,1,0,0,Pittsburgh,567640,78.66,576051,427291,2440,7904,6447,9839,3480,2690,1540,1030,1180,240,2,48659,123.3577484,116.5941179,0,0,0
15108,0,3,0,0,3,37,3.166666667,1,0.666666667,0.333333333,0,1,0,1,0,0,Pittsburgh,1596107,78.66,1616974,1214260,8951,23026,17319,28028,6210,4260,2930,2330,3940,1240,2,64014,146.4038615,133.8909697,0,0,0
15122,0,1,0,0,1,42,3,1,0,0,0,1,0,1,0,0,Pittsburgh,482728,78.66,487085,365004,2464,4122,3090,3457,3940,2790,1660,1060,930,80,2,46052,86.0482121,82.5501614,0,0,0
15126,0,1,0,0,1,5,4,1,0,0,0,1,0,1,0,0,Pittsburgh,241469,78.66,244014,198168,800,1622,1189,3112,1220,870,590,460,670,100,2,64366,133.8462094,122.7453955,0,0,0
15143,0,1,0,0,1,3,5,1,0,0,1,1,0,1,0,0,Pittsburgh,1912341,78.66,1942718,1104592,18919,104003,87684,167630,2740,1440,1130,980,2190,2040,3,84267,201.0653849,182.5659512,0,0,0
15146,0,1,0,0,1,4,2,1,0,0,0,1,0,1,0,0,Pittsburgh,898680,78.66,911733,638241,5190,16493,12719,18842,4760,3480,2460,1680,2090,410,2,58279,109.4916459,105.1932788,0,0,0
15201,57,121,21,0,199,62.85427136,4.042713568,0.91959799,0.939698492,0.195979899,0.070351759,0.809045226,0.286432161,0.608040201,0.105527638,0,Pittsburgh,428716,78.66,434210,331510,1412,4157,3662,6113,2290,2300,1180,670,680,200,2,35900,218.0963763,200.7867164,0,0,0
15202,20,20,1,2,43,16.65116279,3.709302326,0.930232558,0.674418605,0.093023256,0.069767442,0.88372093,0.465116279,0.465116279,0.023255814,0.046511628,Pittsburgh,565752,78.66,573383,449573,1922,7239,5563,8491,3640,3240,1550,900,1010,240,2,45961,103.344827,101.6211362,0,0,0
15203,105,163,25,7,300,53.38,3.638333333,0.93,0.933333333,0.216666667,0.023333333,0.78,0.35,0.543333333,0.083333333,0.023333333,Pittsburgh,318912,78.66,323968,264582,1134,3223,2421,4333,1590,1580,930,420,540,190,2,39541,152.9865076,150.3910651,0,0,0
15205,64,122,21,2,209,29.5215311,3.377990431,0.980861244,0.607655502,0.09569378,0.033492823,0.918660287,0.306220096,0.583732057,0.100478469,0.009569378,Pittsburgh,703436,78.66,713561,543797,2709,9355,7234,9644,4110,3480,1960,1100,1320,300,2,47441,104.4442587,102.1392031,0,0,0
15206,51,106,34,3,194,70.70103093,3.716494845,0.948453608,0.948453608,0.25257732,0.082474227,0.829896907,0.262886598,0.546391753,0.175257732,0.015463918,Pittsburgh,868452,78.66,881065,668645,3843,19693,15602,32209,5220,4100,1870,1000,1350,700,2,39661,167.53956,176.5666798,1,0,1
15207,8,10,0,0,18,44,4.111111111,0.777777778,0.888888889,0.333333333,0.055555556,0.833333333,0.444444444,0.555555556,0,0,Pittsburgh,222948,78.66,225332,178015,930,1467,1096,1743,2150,1550,710,440,400,30,2,35639,81.82481998,81.0157532,0,0,0
15209,11,16,2,0,29,34.10344828,3.844827586,0.965517241,0.655172414,0.068965517,0.034482759,0.862068966,0.379310345,0.551724138,0.068965517,0,Pittsburgh,364086,78.66,368499,285446,1727,3904,2969,4420,2180,1730,1050,720,860,130,2,54616,128.3925576,117.4895689,0,0,0
15211,13,18,11,2,44,84.70454545,3.522727273,0.931818182,0.727272727,0.25,0,0.636363636,0.295454545,0.409090909,0.25,0.045454545,Pittsburgh,362176,78.66,367758,268804,1484,6060,4834,11322,2040,2080,1040,500,580,180,2,44086,134.4556352,143.4264401,0,0,0
15212,47,93,9,1,150,47.78666667,3.73,0.88,0.873333333,0.346666667,0.02,0.773333333,0.313333333,0.62,0.06,0.006666667,Pittsburgh,628478,78.66,636170,514374,2223,6641,5032,8559,5320,4200,1970,1040,1070,200,2,35831,92.24621092,92.47006872,0,0,0
15213,157,117,7,3,284,48.59507042,3.536971831,0.922535211,0.919014085,0.13028169,0.021126761,0.911971831,0.552816901,0.411971831,0.024647887,0.01056338,Pittsburgh,396313,78.66,402377,229339,3135,23155,18827,38838,2550,1370,590,300,410,400,2,32228,181.3090148,178.9270091,0,0,0
15214,0,1,1,0,2,10.5,4.75,1,1,0,0.5,1,0,0.5,0.5,0,Pittsburgh,293864,78.66,297001,235952,885,1882,1392,1986,2940,1970,910,540,550,50,2,37779,78.94035233,82.6804049,0,0,0
15215,10,16,5,0,31,23.22580645,3.903225806,0.935483871,0.967741935,0.258064516,0.064516129,0.870967742,0.322580645,0.516129032,0.161290323,0,Pittsburgh,705838,78.66,717327,449036,4262,30992,25858,28910,2070,1330,750,550,920,700,2,73585,178.0293794,168.9001809,0,0,0
15216,47,70,5,2,124,33.79032258,3.637096774,0.975806452,0.774193548,0.137096774,0.056451613,0.89516129,0.379032258,0.564516129,0.040322581,0.016129032,Pittsburgh,722688,78.66,733942,557384,3353,10410,8058,13565,4000,3490,1840,1090,1490,400,2,48409,118.0098501,112.1679927,0,0,0
15217,86,104,21,4,215,51.76744186,3.660465116,0.934883721,0.944186047,0.148837209,0.046511628,0.953488372,0.4,0.48372093,0.097674419,0.018604651,Pittsburgh,1653451,78.66,1678549,945811,14435,72100,59264,105934,3440,2330,1600,1010,1970,1810,3,59637,215.4680287,195.0070138,0,0,0
15218,24,29,5,0,58,36.10344828,3.49137931,0.844827586,0.75862069,0.224137931,0.068965517,0.913793103,0.413793103,0.5,0.086206897,0,Pittsburgh,439838,78.66,447165,340896,1976,8692,6794,9696,2510,1980,1030,650,830,300,2,48658,112.8549044,102.8091904,0,0,0
15220,27,52,4,4,87,22.73563218,3.511494253,0.942528736,0.770114943,0.137931034,0.08045977,0.908045977,0.310344828,0.597701149,0.045977011,0.045977011,Pittsburgh,614149,78.66,621957,441692,3631,10408,9164,21582,2720,2300,1620,1220,1410,240,2,51164,121.1817871,126.8543754,0,0,0
15221,22,23,1,1,47,29.87234043,3.808510638,0.914893617,0.808510638,0.170212766,0.085106383,0.978723404,0.468085106,0.489361702,0.021276596,0.021276596,Pittsburgh,732533,78.66,742696,535858,3671,13083,10698,13416,6140,4420,1990,1160,1230,300,2,37425,85.38097709,81.62342655,0,0,0
15222,177,277,61,8,523,78.05162524,3.657743786,0.965583174,0.913957935,0.271510516,0.026768642,0.780114723,0.338432122,0.529636711,0.116634799,0.015296367,Pittsburgh,414352,78.66,419874,242104,3601,52642,45846,65090,660,510,430,300,510,430,3,42764,388.0114975,382.0285007,0,0,0
15224,78,67,8,1,154,46.66233766,3.980519481,0.857142857,0.941558442,0.207792208,0.058441558,0.837662338,0.506493506,0.435064935,0.051948052,0.006493506,Pittsburgh,244894,78.66,248948,201512,691,2275,1768,5240,2200,1970,820,270,330,90,2,30284,147.2108546,143.6331131,0,0,0
15226,33,26,1,0,60,27.71666667,3.858333333,0.883333333,0.85,0.133333333,0,0.9,0.55,0.433333333,0.016666667,0,Pittsburgh,354949,78.66,358909,282408,1646,3244,2369,3847,2470,2170,1300,750,670,50,2,47119,114.8242238,107.6281508,0,0,0
15227,21,26,4,0,51,13.66666667,3.617647059,0.941176471,0.941176471,0.078431373,0.039215686,0.960784314,0.411764706,0.509803922,0.078431373,0,Pittsburgh,781274,78.66,789468,610218,3684,7327,5507,7986,5100,4240,2500,1530,1670,190,2,48094,105.8386018,97.80130578,0,0,0
15229,18,14,0,0,32,16.78125,3.515625,0.875,0.78125,0.1875,0,0.96875,0.5625,0.4375,0,0,Pittsburgh,450447,78.66,456288,353301,1977,5179,4005,6251,2360,1890,1360,910,1070,180,2,55734,129.0502415,130.6342043,0,0,0
15232,34,106,40,5,185,50.84324324,3.759459459,0.940540541,0.956756757,0.237837838,0.097297297,0.767567568,0.183783784,0.572972973,0.216216216,0.027027027,Pittsburgh,668424,78.66,679206,414440,5119,30036,25511,76425,1290,1400,860,380,570,550,2,45928,261.5812972,263.2331714,0,0,0
15234,32,38,8,1,79,19.86075949,3.493670886,0.936708861,0.784810127,0.088607595,0.037974684,0.936708861,0.405063291,0.481012658,0.101265823,0.012658228,Pittsburgh,430532,78.66,435986,314004,2467,7220,5661,6104,2380,2120,1240,800,960,150,2,56447,133.7072856,125.6364242,0,0,0
15235,24,35,4,1,64,20.09375,3.453125,0.9375,0.71875,0.15625,0.046875,0.921875,0.375,0.546875,0.0625,0.015625,Pittsburgh,936241,78.66,946673,661276,4803,16119,12525,20572,6500,5330,2840,1710,1670,300,2,48687,82.30528989,77.72170836,0,0,0
15236,37,57,5,1,100,21.55,3.62,0.97,0.69,0.13,0.05,0.9,0.37,0.57,0.05,0.01,Pittsburgh,1009281,78.66,1020900,730786,6360,17214,13463,14912,5020,3770,2690,1960,2630,390,2,55607,137.8351282,126.8844671,0,0,0
15237,103,206,40,7,356,22.40168539,3.439606742,0.980337079,0.587078652,0.109550562,0.047752809,0.980337079,0.289325843,0.578651685,0.112359551,0.019662921,Pittsburgh,1889924,78.66,1916711,1387989,10056,39961,31196,59830,6180,4160,3230,2720,4760,1630,3,70890,153.4068088,149.0256768,0,0,1
15238,34,55,10,0,99,24.27272727,3.323232323,0.97979798,0.757575758,0.212121212,0,0.909090909,0.343434343,0.555555556,0.101010101,0,Pittsburgh,1322779,78.66,1347233,713761,12178,114888,102105,78882,1840,1020,710,560,1180,1600,3,101352,187.5207792,182.5676857,0,0,0
15239,8,13,2,0,23,14.34782609,3.5,1,0.695652174,0.217391304,0.130434783,0.956521739,0.347826087,0.565217391,0.086956522,0,Pittsburgh,696757,78.66,705930,527846,2909,7975,6139,11492,3430,2370,1720,1320,1890,300,2,65031,117.8398271,117.9179122,0,0,0
15241,20,47,18,4,89,14.34831461,3.308988764,1,0.719101124,0.168539326,0.056179775,0.93258427,0.224719101,0.528089888,0.202247191,0.04494382,Pittsburgh,1608904,78.66,1636682,941755,15893,58417,47264,108144,2700,1220,1010,940,2550,1890,4,106046,161.3938898,155.5240623,1,0,1
15243,2,6,0,0,8,23.25,3.5625,1,0.875,0.125,0,1,0.25,0.75,0,0,Pittsburgh,736346,78.66,747147,461286,6760,32534,26597,34858,1790,1030,950,900,1710,760,3,78580,168.1784431,164.5906315,0,0,0
15317,0,1,0,0,1,4,4,1,1,0,1,1,0,1,0,0,Pittsburgh,2004765,78.66,2035440,1354229,11555,42347,32937,102010,5700,3590,2620,2230,4450,1910,3,71994,151.0507371,146.6198918,0,0,0
21211,0,1,0,0,1,14,3,1,0,0,0,0,0,1,0,0,Charlotte,540849,75.35,548014,435024,2207,12154,9796,13834,2330,2460,1680,960,1140,220,2,48519,200.0897825,199.173521,1,1,0
28025,0,0,1,0,1,3,5,1,0,0,0,1,0,0,1,0,Charlotte,1327243,75.35,1342131,955065,4436,21188,17692,41694,8730,6120,3200,2030,2380,610,2,49299,121.2865085,114.9848677,0,0,0
28027,0,2,0,0,2,52.5,3.5,1,1,1,0,1,0,1,0,0,Charlotte,2087891,75.35,2109560,1718048,6189,18338,14254,48935,10120,7110,4010,2940,4790,1420,2,61136,127.1832892,123.9544762,0,0,0
28031,1,0,0,0,1,21,4,1,1,0,0,1,1,0,0,0,Charlotte,2019901,75.35,2049804,1190054,15220,45209,32880,123946,3760,2540,1920,1480,2710,1860,3,89177,187.1139264,184.113555,0,0,0
28075,1,0,0,0,1,143,3.5,1,1,1,0,1,1,0,0,0,Charlotte,771101,75.35,779523,627384,2259,7045,5397,15883,2450,1430,1030,1010,2400,670,3,80432,125.0244475,122.8409441,0,0,0
28078,1,3,1,0,5,16,3.7,1,0.8,0.2,0.2,1,0.2,0.6,0.2,0,Charlotte,2605445,75.35,2638658,2136651,9896,27867,21349,60423,6920,4760,3640,3050,6760,2680,3,85720,133.9271144,128.8226408,1,0,0
28104,0,1,0,0,1,84,3,1,1,1,0,1,0,1,0,0,Charlotte,1556147,75.35,1579152,1171858,6120,24024,17600,57920,3780,2140,1640,1360,3140,1860,3,94577,146.5576511,143.0417774,0,0,0
28105,3,2,0,0,5,28.4,3.8,1,0.8,0.2,0,1,0.6,0.4,0,0,Charlotte,1500130,75.35,1521890,1119939,6877,28506,22361,46864,6150,4260,2630,2040,3500,1230,2,74386,135.5885322,135.021249,0,0,0
28127,0,1,0,0,1,46,3.5,1,1,0,0,1,0,1,0,0,Charlotte,192898,75.35,195450,111430,911,8056,3959,5950,1020,730,370,290,290,90,2,46775,178.0806317,174.0175984,0,0,0
28134,3,2,0,0,5,18.6,3.7,1,1,0.2,0.2,1,0.6,0.4,0,0,Charlotte,308779,75.35,312701,253178,791,2336,1596,5324,1920,1450,760,510,690,160,2,51856,129.9246061,126.0255272,0,0,0
28173,1,1,0,0,2,8.5,3.25,1,0.5,0,0,1,0.5,0.5,0,0,Charlotte,3282684,75.35,3327538,2313663,25787,53078,39164,120348,6480,2980,2270,1900,5550,4010,3,89297,138.8674248,135.7213016,0,0,0
28202,151,269,55,8,483,73.32298137,3.612836439,0.99378882,0.863354037,0.389233954,0.041407867,0.679089027,0.3126294,0.556935818,0.113871636,0.016563147,Charlotte,786027,75.35,796957,652176,3481,12837,10465,23511,1450,1590,1570,900,1470,650,3,56632,305.5506112,290.6692731,1,0,0
28203,94,273,50,13,430,72.34883721,3.931395349,0.993023256,0.923255814,0.339534884,0.165116279,0.839534884,0.218604651,0.634883721,0.11627907,0.030232558,Charlotte,1093283,75.35,1112176,873148,3886,20433,16720,61118,2130,2150,1890,1030,1460,1240,3,60080,313.2866826,290.0064996,0,0,0
28204,67,126,29,1,223,71.08071749,3.762331839,0.98206278,0.950672646,0.304932735,0.112107623,0.874439462,0.30044843,0.565022422,0.130044843,0.004484305,Charlotte,395925,75.35,403550,307000,961,4653,3643,12718,980,1040,770,410,590,410,3,49877,265.5527777,259.789786,0,1,1
28205,166,208,14,2,390,66.07179487,3.837179487,0.951282051,0.874358974,0.243589744,0.053846154,0.887179487,0.425641026,0.533333333,0.035897436,0.005128205,Charlotte,1223072,75.35,1242607,1036034,2777,9937,7776,26258,9200,6330,2820,1430,2130,840,2,37458,240.010186,222.2295335,0,0,0
28206,30,41,4,3,78,35.91025641,3.621794872,0.961538462,0.807692308,0.346153846,0.038461538,0.730769231,0.384615385,0.525641026,0.051282051,0.038461538,Charlotte,173780,75.35,175824,157993,91,327,259,756,3440,1530,430,150,200,40,1,24984,182.9726789,174.2660061,0,0,0
28207,12,30,14,1,57,47.31578947,3.894736842,0.98245614,0.912280702,0.280701754,0.105263158,0.859649123,0.210526316,0.526315789,0.245614035,0.01754386,Charlotte,1976032,75.35,2009407,954366,22464,99691,80182,410602,840,540,380,290,540,1770,5,148850,356.5511422,335.181102,0,0,0
28208,103,102,8,1,214,52.3271028,3.172897196,0.96728972,0.546728972,0.140186916,0.009345794,0.925233645,0.481308411,0.476635514,0.037383178,0.004672897,Charlotte,515543,75.35,521577,453876,457,1134,802,3747,10290,4780,1260,460,450,100,1,27448,175.0215157,155.4675207,0,0,0
28209,66,182,36,7,291,52.43986254,3.697594502,0.975945017,0.89347079,0.281786942,0.103092784,0.883161512,0.226804124,0.625429553,0.12371134,0.024054983,Charlotte,1378549,75.35,1402165,965491,6446,32348,25453,150498,2820,2730,1940,1040,1810,1440,3,64240,264.4374546,256.9253457,0,1,0
28210,57,89,32,5,183,49.89071038,3.595628415,0.989071038,0.841530055,0.256830601,0.109289617,0.901639344,0.31147541,0.486338798,0.174863388,0.027322404,Charlotte,2359555,75.35,2394550,1519332,15038,84550,68414,243055,6610,5260,2880,1900,3700,2260,2,57651,185.159795,183.2513202,1,0,0
28211,48,152,56,18,274,47.67153285,3.556569343,0.99270073,0.864963504,0.248175182,0.069343066,0.930656934,0.175182482,0.554744526,0.204379562,0.065693431,Charlotte,2758842,75.35,2810656,1682476,29830,121372,100167,239138,3630,2380,1470,1090,2320,2980,3,73652,248.3730299,242.9020952,0,0,0
28212,42,34,1,1,78,14.62820513,3.346153846,1,0.628205128,0.115384615,0.025641026,0.923076923,0.538461538,0.435897436,0.012820513,0.012820513,Charlotte,558394,75.35,565311,464829,836,3085,2146,3982,9400,5680,1600,620,480,60,1,36232,119.3988441,115.3450179,0,0,0
28213,69,74,10,2,155,23.73548387,3.287096774,0.967741935,0.709677419,0.116129032,0.038709677,0.935483871,0.44516129,0.477419355,0.064516129,0.012903226,Charlotte,725209,75.35,733797,623501,1038,2503,1937,3017,8950,5480,2250,1120,1070,130,2,40640,107.4810923,102.9756608,0,0,0
28214,26,26,1,0,53,28.16981132,3.056603774,0.962264151,0.773584906,0.188679245,0.018867925,0.981132075,0.490566038,0.490566038,0.018867925,0,Charlotte,886184,75.35,896068,747744,1770,5090,3973,9799,7250,5590,2760,1380,1470,330,2,50528,114.7847662,109.5386604,0,0,0
28215,24,26,0,0,50,25.14,3.31,0.98,0.74,0.06,0.02,0.92,0.48,0.52,0,0,Charlotte,1062085,75.35,1074133,847631,2249,8611,6766,13233,12290,7790,3190,1630,1550,250,2,48010,121.279439,112.3627349,0,0,0
28216,69,93,24,1,187,25.61497326,3.192513369,0.978609626,0.748663102,0.181818182,0.042780749,0.978609626,0.368983957,0.497326203,0.128342246,0.005347594,Charlotte,1096070,75.35,1108437,931276,1920,5467,4229,10677,11490,7960,3360,1540,1520,340,2,44037,116.5407283,108.6274626,0,0,0
28217,116,148,11,2,277,40.06137184,3.371841155,0.97833935,0.80866426,0.115523466,0.025270758,0.953068592,0.418772563,0.534296029,0.039711191,0.007220217,Charlotte,480985,75.35,486177,414983,558,1899,1472,2111,6180,3830,1510,790,520,60,2,35691,121.5415269,134.5109442,0,0,0
28226,48,114,17,3,182,37.36263736,3.32967033,0.983516484,0.824175824,0.230769231,0.076923077,0.956043956,0.263736264,0.626373626,0.093406593,0.016483516,Charlotte,2739807,75.35,2788813,1695967,19783,88737,68397,269166,5150,3680,2340,1620,3310,2930,3,82899,180.0954337,176.1649848,0,0,0
28227,55,49,5,0,109,22.9266055,3.353211009,1,0.76146789,0.100917431,0.027522936,0.963302752,0.504587156,0.449541284,0.04587156,0,Charlotte,1418616,75.35,1438634,1055646,5884,13836,10539,23226,10360,6880,3260,2060,2730,720,2,55653,126.6668172,120.5954619,0,0,0
28262,112,201,13,3,329,40.76899696,3.35106383,0.987841945,0.823708207,0.258358663,0.05775076,0.945288754,0.340425532,0.610942249,0.039513678,0.009118541,Charlotte,861460,75.35,871443,761710,1079,4327,3146,6435,7410,5290,2760,1550,1390,250,2,44560,107.9386718,104.2957487,0,0,1
28269,89,92,9,1,191,25.14136126,3.384816754,0.979057592,0.77486911,0.204188482,0.052356021,0.963350785,0.465968586,0.481675393,0.047120419,0.005235602,Charlotte,2034498,75.35,2057179,1747991,3809,12546,9712,24801,12890,9790,5710,3420,4420,880,2,63730,116.1173316,110.2761373,0,0,0
28270,40,49,4,3,96,28.46875,3.53125,0.989583333,0.833333333,0.21875,0.0625,0.989583333,0.416666667,0.510416667,0.041666667,0.03125,Charlotte,1735451,75.35,1765010,1258439,9108,36075,28142,89901,3940,2610,1850,1430,3200,2210,3,88425,153.4923018,150.4846735,0,0,0
28273,109,178,16,4,307,34.59934853,3.376221498,0.990228013,0.771986971,0.218241042,0.06514658,0.960912052,0.35504886,0.57980456,0.052117264,0.013029316,Charlotte,855805,75.35,866294,762240,888,2583,1923,4302,6180,5530,2980,1540,1540,180,2,51769,126.8176728,116.9786007,0,0,0
28277,116,384,50,6,556,45.18705036,3.565647482,0.994604317,0.868705036,0.339928058,0.097122302,0.940647482,0.208633094,0.690647482,0.089928058,0.010791367,Charlotte,3878824,75.35,3939815,2938300,23279,72146,55751,144295,7420,4790,4090,3190,7400,4680,3,97891,152.9697995,150.0678624,1,0,1
28278,18,42,4,1,65,22.67692308,3.384615385,0.984615385,0.861538462,0.153846154,0.015384615,0.969230769,0.276923077,0.646153846,0.061538462,0.015384615,Charlotte,1178231,75.35,1196351,910925,4253,13946,8706,28003,3380,2800,2090,1520,2750,940,3,76765,127.9988915,125.8048485,0,0,0
29204,0,0,1,0,1,88,2,1,1,0,0,1,0,0,1,0,Charlotte,430884,75.35,438479,267192,2364,9442,7524,15364,3910,2020,810,480,620,240,2,35943,104.5142163,90.92547693,1,0,0
30101,0,0,1,0,1,30,3.5,1,1,0,0,1,0,0,1,0,Charlotte,2083624,75.35,2110640,1626679,7753,19287,14587,47932,8710,5110,3580,2760,5120,1760,2,81571,126.8675224,121.9913388,0,0,0
44040,0,1,0,0,1,3,4.5,1,1,0,0,1,0,1,0,0,Cleveland,480038,73.47,489446,230456,9769,40246,34407,49044,360,180,150,170,330,490,4,127313,144.0979222,152.2613917,0,0,0
44105,8,5,1,0,14,10.21428571,3.214285714,0.857142857,0.714285714,0.071428571,0.071428571,0.928571429,0.571428571,0.357142857,0.071428571,0,Cleveland,386789,73.47,389422,312902,388,568,438,145,8510,4270,1140,340,200,0,1,28348,30.27217297,30.19687089,0,0,0
44106,56,77,17,2,152,58.32236842,3.618421053,0.980263158,0.907894737,0.453947368,0.026315789,0.776315789,0.368421053,0.506578947,0.111842105,0.013157895,Cleveland,558465,73.47,571644,358317,4506,34120,28417,24849,3890,2010,880,400,620,510,2,28835,124.0311784,119.6383841,0,0,0
44107,7,3,0,0,10,42.7,3.5,1,0.9,0.1,0,0.9,0.7,0.3,0,0,Cleveland,1536917,73.47,1563939,1212596,5797,27606,22224,28578,9020,8350,4540,2300,2640,750,2,44345,137.287083,129.7916141,0,0,0
44109,51,45,6,0,102,24.17647059,3.647058824,0.931372549,0.784313725,0.147058824,0,0.911764706,0.5,0.441176471,0.058823529,0,Cleveland,560611,73.47,565237,473634,1281,2068,1589,1903,9030,5230,1930,760,530,30,1,30614,63.90420351,62.15500619,0,0,0
44111,73,66,5,1,145,22.90344828,3.589655172,0.951724138,0.827586207,0.089655172,0.020689655,0.889655172,0.503448276,0.455172414,0.034482759,0.006896552,Cleveland,761929,73.47,769366,623168,2586,4830,3710,4877,8640,6000,2610,1240,960,110,2,42117,79.19483341,75.41945294,0,0,0
44112,3,7,3,0,13,5.923076923,3.576923077,0.923076923,0.538461538,0,0.153846154,0.846153846,0.230769231,0.538461538,0.230769231,0,Cleveland,216870,73.47,218362,159168,285,509,304,278,4760,2110,600,220,160,0,1,27087,34.22327899,32.3076049,0,0,0
44113,132,265,35,5,437,75.38443936,3.848970252,0.963386728,0.901601831,0.421052632,0.038901602,0.691075515,0.302059497,0.606407323,0.080091533,0.011441648,Cleveland,564061,73.47,575041,454945,1406,9750,8245,11290,2760,2240,1540,690,810,390,2,30283,223.9886762,214.4305737,0,0,0
44116,3,0,0,0,3,13,3.166666667,1,1,0,0,1,1,0,0,0,Cleveland,1225094,73.47,1245756,735868,15170,61085,50788,94246,3080,2200,1790,1180,2170,1150,3,65857,159.5037273,153.0611326,1,0,0
44117,1,0,0,0,1,13,4,1,1,0,0,1,1,0,0,0,Cleveland,163173,73.47,164417,125503,481,912,647,505,2090,1370,590,280,200,0,2,31078,59.36666631,59.53507145,0,0,0
44118,22,24,8,0,54,23.27777778,3.574074074,0.925925926,0.907407407,0.203703704,0.055555556,0.925925926,0.407407407,0.444444444,0.148148148,0,Cleveland,1325924,73.47,1350440,875206,8995,42285,35632,44204,6120,4190,2650,1630,2450,890,2,58934,95.57139693,90.27954215,1,0,0
44119,13,10,1,0,24,24.70833333,3.9375,0.791666667,0.791666667,0.208333333,0.083333333,0.791666667,0.541666667,0.416666667,0.041666667,0,Cleveland,242516,73.47,245196,192892,856,2625,2017,1763,2590,2010,880,370,310,40,2,41491,59.7396485,59.43232115,0,0,0
44120,13,32,8,2,55,39.36363636,3.718181818,0.945454545,0.909090909,0.381818182,0.018181818,0.727272727,0.236363636,0.581818182,0.145454545,0.036363636,Cleveland,937985,73.47,954608,654322,5405,32146,26688,45964,7120,4030,1470,780,1110,800,2,40988,75.8388746,77.50490875,0,0,0
44121,17,19,3,1,40,16.275,3.5625,0.875,0.625,0.075,0,0.9,0.425,0.475,0.075,0.025,Cleveland,742368,73.47,751710,563534,3411,9893,7527,6958,6260,4640,2580,1330,1310,170,2,52603,68.84364646,66.47251739,0,0,0
44122,2,4,2,1,9,47.22222222,3,1,0.666666667,0,0,1,0.222222222,0.444444444,0.222222222,0.111111111,Cleveland,2125214,73.47,2168889,1204376,27888,113220,92550,174661,4750,3130,2180,1500,2790,2500,3,78989,118.6543955,116.2632754,1,0,1
44123,2,0,0,0,2,8,2.5,1,0.5,0,0,1,1,0,0,0,Cleveland,321100,73.47,323971,262034,1182,2536,1952,1327,3810,2860,1060,490,370,50,2,42198,63.06783994,60.02878979,0,0,0
44124,31,33,7,4,75,18.58666667,3.386666667,0.986666667,0.653333333,0.04,0.053333333,0.973333333,0.413333333,0.44,0.093333333,0.053333333,Cleveland,1961971,73.47,1997078,1190883,20972,111584,95733,134733,6080,5040,3560,2250,2710,1500,2,67656,113.2670499,106.4437167,0,0,0
44125,8,7,1,0,16,10.5625,3.59375,0.875,0.9375,0.0625,0,0.9375,0.5,0.4375,0.0625,0,Cleveland,541856,73.47,546698,435724,2716,2984,2234,3602,5820,4550,1930,870,680,60,2,45439,60.41345217,59.13529639,0,0,0
44126,11,9,3,0,23,14.39130435,3.304347826,0.913043478,0.826086957,0.173913043,0.043478261,0.913043478,0.47826087,0.391304348,0.130434783,0,Cleveland,590373,73.47,598151,435320,3916,11044,8528,11758,2770,2290,1730,1090,1260,270,2,54496,131.4278962,123.943875,0,0,0
44128,9,10,2,1,22,13.18181818,3.181818182,0.954545455,0.681818182,0.227272727,0,0.863636364,0.409090909,0.454545455,0.090909091,0.045454545,Cleveland,429647,73.47,432146,311055,632,1099,688,719,6840,4520,1380,470,290,20,1,35189,45.05628944,44.98345322,0,0,0
44129,25,26,8,0,59,14,3.338983051,0.966101695,0.644067797,0.06779661,0.06779661,0.93220339,0.423728814,0.440677966,0.13559322,0,Cleveland,659961,73.47,666380,523672,5032,5987,4594,4339,5320,4640,2550,1370,1000,90,2,49152,96.91705111,93.12266352,0,0,0
44130,43,39,1,1,84,18.75,3.261904762,0.988095238,0.619047619,0.107142857,0.011904762,0.94047619,0.511904762,0.464285714,0.011904762,0.011904762,Cleveland,1337517,73.47,1351717,1005282,9279,17104,13110,13777,9700,7790,4800,2800,2360,280,2,47300,102.1154672,100.2336114,0,0,0
44131,1,2,1,0,4,28.5,3.75,1,0.75,0.25,0.25,0.75,0.25,0.5,0.25,0,Cleveland,834438,73.47,846994,565270,8276,18156,14197,19569,3220,2300,2020,1460,1960,500,3,66188,124.4155379,122.9145005,0,0,0
44132,1,1,1,0,3,16.33333333,3,1,1,0,0,1,0.333333333,0.333333333,0.333333333,0,Cleveland,255844,73.47,258072,201152,887,2195,1789,2032,3310,2240,920,390,260,40,2,43575,63.68795735,63.58732927,0,0,0
44133,0,0,1,0,1,28,3.5,1,1,0,1,1,0,0,1,0,Cleveland,1135613,73.47,1153043,818703,8169,18371,14437,28567,4960,4010,2640,1830,2650,710,2,65574,117.6441614,114.4669001,0,0,0
44134,31,20,3,0,54,14.40740741,3.407407407,0.962962963,0.648148148,0.074074074,0.018518519,0.907407407,0.574074074,0.37037037,0.055555556,0,Cleveland,912730,73.47,922273,702927,5255,7806,5650,7071,7080,6120,3590,1900,1470,100,2,49407,98.93299654,96.15573798,0,0,0
44135,41,39,3,0,83,27.51807229,3.277108434,0.975903614,0.638554217,0.048192771,0,0.855421687,0.493975904,0.469879518,0.036144578,0,Cleveland,451943,73.47,455796,372239,1218,2267,1669,1250,5700,3970,1750,760,450,30,2,38615,78.98102087,77.33651492,0,0,0
44136,1,1,0,0,2,9,3.25,1,1,0.5,0,1,0.5,0.5,0,0,Cleveland,1016993,73.47,1031980,697689,7288,23576,19745,41151,3930,2710,2130,1640,2410,650,3,77051,111.5992635,105.3602842,0,0,0
44139,0,1,0,1,2,8,3,1,1,0,0.5,1,0,0.5,0,0.5,Cleveland,1419479,73.47,1447990,968191,10683,36985,29275,39192,3410,1870,1540,1250,2580,1680,3,100310,135.7527295,133.0012345,0,0,0
44142,2,1,0,0,3,12.66666667,2.666666667,1,0.666666667,0.333333333,0,1,0.666666667,0.333333333,0,0,Cleveland,437985,73.47,441608,345207,1777,2618,1891,1223,3920,3190,1740,900,640,30,2,53607,107.7054845,105.3920026,0,0,0
44143,8,14,4,0,26,16.19230769,3.615384615,1,0.615384615,0.115384615,0.076923077,1,0.307692308,0.538461538,0.153846154,0,Cleveland,1079225,73.47,1095897,682272,8444,32076,19861,28585,4140,2830,2020,1360,2110,800,2,71546,104.9353049,99.79749533,0,0,0
44144,30,16,1,0,47,14.65957447,3.308510638,0.957446809,0.787234043,0.106382979,0,0.936170213,0.638297872,0.340425532,0.021276596,0,Cleveland,453656,73.47,457227,349267,2790,9649,8229,4555,4430,3800,1770,800,500,50,2,44090,90.37503958,85.94021291,0,0,0
44145,1,1,0,0,2,8,2.75,1,0.5,0,0,1,0.5,0.5,0,0,Cleveland,1906731,73.47,1941021,1248715,16552,74479,62087,89762,4930,3140,2710,1870,3040,2010,3,70631,132.9139389,134.0756853,0,0,1
44146,1,0,0,0,1,3,4,1,1,0,0,1,1,0,0,0,Cleveland,642095,73.47,647232,479571,2242,4633,3389,5546,6070,5150,2350,1070,800,80,2,43471,82.30665621,78.36826576,0,0,0
53590,1,2,0,0,3,15.66666667,4.5,1,1,0,0.666666667,1,0.333333333,0.666666667,0,0,Madison,1468822,65.6,1489479,1151781,6127,17078,12972,29582,5360,4620,3110,2450,3990,870,3,70385,163.5984195,161.7113944,0,0,0
53593,0,2,0,0,2,22.5,3.25,1,1,0.5,0,1,0,1,0,0,Madison,1521715,65.6,1549382,1028863,10750,33445,24704,81271,2820,1960,1610,1320,3220,1560,3,84972,183.844726,176.9179023,0,0,0
53703,198,342,74,8,622,66.19453376,3.778135048,0.92926045,0.974276527,0.350482315,0.032154341,0.731511254,0.318327974,0.549839228,0.118971061,0.012861736,Madison,861523,65.6,875808,650876,5646,21150,16886,28439,5400,3780,1950,1120,1420,510,2,25078,319.5869472,306.611442,0,0,0
53704,142,228,39,5,414,33.44444444,3.393719807,0.937198068,0.915458937,0.142512077,0.057971014,0.915458937,0.342995169,0.550724638,0.094202899,0.012077295,Madison,1549757,65.6,1573808,1045045,11427,43370,35826,50013,8040,7490,4080,2370,2550,610,2,53358,147.2485938,147.5065819,0,0,0
53705,35,85,28,2,150,41.24666667,3.54,0.96,0.953333333,0.22,0.073333333,0.893333333,0.233333333,0.566666667,0.186666667,0.013333333,Madison,1326319,65.6,1347866,758978,13430,61493,49776,95473,3270,2620,1830,1240,2410,1240,3,61309,213.8757881,206.2225323,1,0,0
53711,50,97,13,1,161,36.93167702,3.692546584,0.956521739,0.919254658,0.130434783,0.02484472,0.888198758,0.310559006,0.602484472,0.080745342,0.00621118,Madison,2287804,65.6,2325527,1470005,16867,59311,46867,125405,6540,5200,3590,2790,4840,1910,3,66829,181.6495387,174.6331014,0,0,1
53714,14,17,2,1,34,28.20588235,3.514705882,0.852941176,0.970588235,0.235294118,0.058823529,0.970588235,0.411764706,0.5,0.058823529,0.029411765,Madison,442187,65.6,446862,336454,1646,4533,3396,5617,2950,2760,1580,910,790,70,2,55126,159.8473295,155.9423952,0,0,0
53716,39,35,4,2,80,17.975,3.54375,0.95,0.8625,0.1125,0.0625,0.9625,0.4875,0.4375,0.05,0.025,Madison,679983,65.6,689124,467033,3831,12068,9309,18707,2930,2620,1750,1350,1570,300,2,60222,171.5570278,162.8384298,0,0,0
53717,33,70,17,1,121,30.12396694,3.438016529,0.983471074,0.884297521,0.198347107,0.123966942,0.966942149,0.272727273,0.578512397,0.140495868,0.008264463,Madison,650571,65.6,661528,410889,6258,20501,16332,29175,1560,1300,1020,770,1320,640,3,75889,145.7028911,146.13115,0,0,0
53718,11,30,2,1,44,25.40909091,3.375,0.977272727,0.886363636,0.272727273,0.022727273,0.931818182,0.25,0.681818182,0.045454545,0.022727273,Madison,547431,65.6,554144,422967,2423,8670,6816,9185,1780,2180,1600,1150,1390,210,3,72467,154.0883264,151.0493592,0,0,0
53719,79,151,39,2,271,25.4797048,3.470479705,0.981549815,0.889298893,0.073800738,0.136531365,0.95202952,0.291512915,0.557195572,0.143911439,0.007380074,Madison,1151868,65.6,1166710,934324,4645,16118,12690,27693,3970,4340,2860,1930,3020,590,3,65796,147.9914729,140.4880608,0,0,0
60657,0,1,0,0,1,12,5,1,1,0,1,1,0,1,0,0,Charlotte,4818920,75.35,4901637,3590442,38801,125166,95768,344756,6820,8750,8460,4370,6470,4990,3,78623,342.0611377,351.543258,1,1,0
85003,64,118,6,2,190,111.6842105,3.742105263,0.978947368,0.936842105,0.373684211,0.1,0.878947368,0.336842105,0.621052632,0.031578947,0.010526316,Phoenix,282886,66.87,290006,210165,1108,4342,3093,7705,1330,960,490,320,530,270,2,28267,278.6914992,278.3012796,0,0,0
85004,141,254,34,6,435,115.4321839,3.682758621,0.981609195,0.942528736,0.464367816,0.043678161,0.763218391,0.324137931,0.583908046,0.07816092,0.013793103,Phoenix,227527,66.87,232765,155149,2580,9035,7235,9345,990,740,440,240,350,200,2,28008,231.3963761,229.3340351,0,0,0
85006,86,77,10,0,173,111.3236994,3.950867052,0.953757225,0.87283237,0.283236994,0.040462428,0.884393064,0.497109827,0.445086705,0.057803468,0,Phoenix,347753,66.87,352359,301741,445,1063,744,3646,4660,3060,1070,450,370,70,2,21620,255.7229634,239.4415245,0,0,0
85007,67,35,2,2,106,52.18867925,3.844339623,0.867924528,0.877358491,0.245283019,0.056603774,0.924528302,0.632075472,0.330188679,0.018867925,0.018867925,Phoenix,274046,66.87,278695,200698,1399,3235,2368,5668,2560,1400,490,260,390,200,2,33192,228.5190898,217.5076076,0,0,0
85008,103,92,9,2,206,42.28640777,3.516990291,0.970873786,0.86407767,0.165048544,0.024271845,0.961165049,0.5,0.446601942,0.04368932,0.009708738,Phoenix,788776,66.87,797391,686766,1282,2982,1994,4468,11250,7880,2310,870,700,130,2,28761,188.1258653,179.57366,0,0,0
85009,68,33,2,2,105,26.54285714,3.547619048,0.857142857,0.761904762,0.180952381,0.00952381,0.971428571,0.647619048,0.314285714,0.019047619,0.019047619,Phoenix,439324,66.87,443128,369026,580,2037,1821,1447,9170,5360,980,220,160,50,1,26901,144.5075526,138.025584,0,0,0
85012,65,113,16,3,197,135.4162437,3.847715736,0.984771574,0.959390863,0.360406091,0.086294416,0.878172589,0.329949239,0.573604061,0.081218274,0.015228426,Phoenix,399170,66.87,407578,246484,4213,10117,7547,29987,1010,950,530,310,550,450,2,56276,256.7076345,245.0052751,0,0,0
85013,104,161,14,1,280,70.23214286,3.825,0.960714286,0.896428571,0.2,0.064285714,0.946428571,0.371428571,0.575,0.05,0.003571429,Phoenix,695056,66.87,707257,496083,4900,10339,7539,48933,2970,2780,1550,870,1110,520,2,45862,217.2271917,209.2250508,0,0,0
85014,79,188,11,3,281,97.04626335,3.934163701,0.978647687,0.900355872,0.288256228,0.117437722,0.886120996,0.28113879,0.669039146,0.039145907,0.010676157,Phoenix,753881,66.87,765897,525555,6759,12100,9314,49417,4200,3780,1790,900,1090,400,2,43555,213.6093524,211.2837621,0,1,0
85015,103,72,4,2,181,40.40331492,3.439226519,0.955801105,0.82320442,0.082872928,0.066298343,0.966850829,0.569060773,0.397790055,0.022099448,0.011049724,Phoenix,539164,66.87,545591,448183,1390,3429,2631,7382,7900,4680,1580,730,630,70,1,35960,144.8702203,141.9998127,0,0,0
85016,211,416,78,16,721,81.26352288,3.821775312,0.981969487,0.871012483,0.263522885,0.137309293,0.897364771,0.292649098,0.576976422,0.108183079,0.022191401,Phoenix,1641314,66.87,1677786,958092,43040,79504,60868,119295,5380,4910,2540,1390,2060,1280,2,43849,247.9778229,239.8865269,1,0,1
85017,83,46,8,3,140,28.04285714,3.375,0.957142857,0.771428571,0.121428571,0.014285714,0.957142857,0.592857143,0.328571429,0.057142857,0.021428571,Phoenix,372774,66.87,376062,320238,330,1220,857,1527,8260,4430,970,280,170,0,1,31956,121.0958225,114.5367688,0,0,0
85018,162,271,44,10,487,91.59958932,3.832648871,0.977412731,0.899383984,0.264887064,0.114989733,0.915811088,0.332648871,0.556468172,0.090349076,0.020533881,Phoenix,2460146,66.87,2507921,1419730,35012,83766,64916,308724,4870,3680,2160,1300,2600,2590,3,61619,293.0889372,293.5007169,0,0,0
85019,27,18,4,1,50,21.2,3.65,0.96,0.84,0.18,0.02,0.96,0.54,0.36,0.08,0.02,Phoenix,309261,66.87,311612,256676,329,716,500,422,5380,3450,930,310,150,20,1,35101,128.0820656,121.9001019,0,0,0
85020,112,121,11,6,250,71.916,3.712,0.944,0.892,0.24,0.064,0.944,0.448,0.484,0.044,0.024,Phoenix,1142199,66.87,1162716,730625,9267,32944,25039,72094,5340,4210,2270,1310,1860,980,2,53300,195.102403,188.3938661,0,0,0
85021,87,79,4,1,171,39.9005848,3.511695906,0.959064327,0.842105263,0.152046784,0.081871345,0.953216374,0.50877193,0.461988304,0.023391813,0.005847953,Phoenix,1012865,66.87,1031283,666850,7530,20402,14601,57388,7060,4240,1630,960,1470,820,2,44596,189.7232871,186.132884,0,0,0
85022,122,163,7,5,297,48.67676768,3.563973064,0.983164983,0.905723906,0.235690236,0.057239057,0.973063973,0.410774411,0.548821549,0.023569024,0.016835017,Phoenix,1395278,66.87,1416256,1013417,7139,18476,13083,40589,7980,6490,3170,1920,2720,830,2,55878,169.8843283,164.2493715,0,0,0
85023,80,54,5,3,142,60.59859155,3.496478873,0.978873239,0.887323944,0.11971831,0.028169014,0.985915493,0.563380282,0.38028169,0.035211268,0.021126761,Phoenix,896431,66.87,907859,663328,5982,12278,9200,20541,5580,4410,2080,1230,1570,470,2,51116,159.0565281,151.9722397,0,0,0
85024,47,44,5,1,97,46.08247423,3.628865979,0.969072165,0.886597938,0.113402062,0.072164948,0.969072165,0.484536082,0.453608247,0.051546392,0.010309278,Phoenix,764406,66.87,774926,646462,1969,4955,3464,8005,3400,2980,1940,1380,2000,350,2,66833,171.6364304,170.0669127,0,0,0
85027,121,110,7,6,244,44.74180328,3.530737705,0.995901639,0.852459016,0.213114754,0.040983607,0.975409836,0.495901639,0.450819672,0.028688525,0.024590164,Phoenix,863523,66.87,872651,733507,1759,3196,2268,7113,5750,5540,3060,1720,1490,150,2,53559,162.0979841,147.7153165,0,0,0
85028,54,94,13,4,165,57.58181818,3.821212121,0.981818182,0.884848485,0.2,0.157575758,0.945454545,0.327272727,0.56969697,0.078787879,0.024242424,Phoenix,1040331,66.87,1062222,651760,12399,27925,20704,71123,2590,1780,1330,1120,2210,1060,3,76242,211.1257424,203.8424678,1,1,1
85029,100,67,3,2,172,51.77325581,3.479651163,0.965116279,0.819767442,0.156976744,0.034883721,0.98255814,0.581395349,0.389534884,0.01744186,0.011627907,Phoenix,776967,66.87,784961,626407,2633,5655,4243,8889,8310,6260,2570,1230,940,150,2,44852,141.4125461,136.1375571,0,0,0
85031,42,31,1,0,74,20.22972973,3.027027027,0.972972973,0.662162162,0.054054054,0.013513514,0.972972973,0.567567568,0.418918919,0.013513514,0,Phoenix,320356,66.87,322550,277565,138,246,133,1148,6320,4030,870,240,100,0,1,34265,120.6627088,116.1269795,0,0,0
85032,265,368,39,8,680,47.025,3.580147059,0.967647059,0.902941176,0.175,0.066176471,0.969117647,0.389705882,0.541176471,0.057352941,0.011764706,Phoenix,1623340,66.87,1646489,1303849,5910,12668,8871,32777,11220,8510,4570,2650,3270,640,2,51731,179.9164111,173.4026688,0,0,0
85033,73,43,6,2,124,20.0483871,2.987903226,0.975806452,0.64516129,0.080645161,0.008064516,0.983870968,0.588709677,0.346774194,0.048387097,0.016129032,Phoenix,611319,66.87,615610,532773,318,503,237,1321,11070,7670,1790,520,230,0,1,38121,134.6607445,125.5135712,0,0,0
85035,53,35,1,4,93,28.1827957,2.989247312,0.989247312,0.752688172,0.096774194,0.032258065,0.956989247,0.569892473,0.376344086,0.010752688,0.043010753,Phoenix,545465,66.87,549251,491389,213,268,157,484,10120,7290,1600,370,130,0,1,37889,130.7725713,123.3396172,0,0,0
85037,39,40,3,2,84,32.51190476,3.321428571,0.952380952,0.869047619,0.178571429,0.083333333,0.976190476,0.464285714,0.476190476,0.035714286,0.023809524,Phoenix,702588,66.87,708537,617833,507,786,551,1496,8460,7120,2580,1030,610,30,2,52514,129.5491303,121.3079916,0,0,0
85040,76,52,11,4,143,30.47552448,3.437062937,0.937062937,0.755244755,0.153846154,0.027972028,0.951048951,0.531468531,0.363636364,0.076923077,0.027972028,Phoenix,359640,66.87,362724,316057,496,749,421,650,6040,3910,1030,350,210,40,1,32681,135.4883084,130.4971173,0,0,0
85041,46,35,2,1,84,25.13095238,3.452380952,0.916666667,0.773809524,0.19047619,0.023809524,0.988095238,0.547619048,0.416666667,0.023809524,0.011904762,Phoenix,915200,66.87,923249,802619,940,1639,1134,4611,10430,8230,2990,1300,1080,140,2,48400,130.463907,124.323221,0,0,0
85042,58,67,6,1,132,44.47727273,3.136363636,0.984848485,0.848484848,0.204545455,0.022727273,0.954545455,0.439393939,0.507575758,0.045454545,0.007575758,Phoenix,841979,66.87,850795,703534,1745,3818,2765,10622,7160,5770,2320,1120,1340,350,2,50325,154.5273109,149.1878001,0,0,0
85043,50,36,2,1,89,22.74157303,2.825842697,0.943820225,0.730337079,0.101123596,0.011235955,0.966292135,0.561797753,0.404494382,0.02247191,0.011235955,Phoenix,478501,66.87,482662,418783,455,372,243,1180,5210,4610,1770,690,400,40,2,50523,124.985008,121.4521452,0,0,0
85044,83,176,20,4,283,66.64310954,3.565371025,0.996466431,0.886925795,0.243816254,0.116607774,0.954063604,0.293286219,0.621908127,0.070671378,0.014134276,Phoenix,1548946,66.87,1572396,1130393,10141,30241,22299,56487,5270,4990,3180,2140,3190,1140,2,72699,182.490144,176.4502544,0,0,0
85045,1,0,0,0,1,13,4,1,1,0,0,1,1,0,0,0,Phoenix,402017,66.87,407820,322461,1336,6243,4970,9933,670,430,360,370,910,590,4,115862,179.1645136,171.7558012,0,0,0
85048,70,128,11,3,212,46.49056604,3.669811321,0.990566038,0.858490566,0.226415094,0.183962264,0.938679245,0.330188679,0.603773585,0.051886792,0.014150943,Phoenix,1691778,66.87,1717586,1265117,11644,38916,32084,72926,4020,2880,2090,1730,3590,1860,3,98126,177.9665651,174.1547794,0,0,1
85050,47,126,17,1,191,60.91623037,3.492146597,0.984293194,0.863874346,0.251308901,0.12565445,0.952879581,0.246073298,0.659685864,0.089005236,0.005235602,Phoenix,1383030,66.87,1404331,1023768,6602,23850,16955,33898,3440,2500,1940,1510,2960,1570,3,77981,198.9209938,193.5198322,0,0,0
85051,103,123,10,4,240,44.85416667,3.3875,0.983333333,0.841666667,0.1125,0.020833333,0.966666667,0.429166667,0.5125,0.041666667,0.016666667,Phoenix,627401,66.87,633245,512188,1383,2645,1884,3906,8620,5870,2010,910,640,60,2,44120,131.3026885,126.4418881,0,0,0
85053,78,98,4,2,182,44.99450549,3.5,0.983516484,0.868131868,0.126373626,0.076923077,0.967032967,0.428571429,0.538461538,0.021978022,0.010989011,Phoenix,596248,66.87,602778,477036,1716,3908,2838,7721,5250,4220,1950,1090,970,110,2,53057,144.2110678,137.6697374,0,0,0
85054,26,91,25,2,144,88.38194444,3.65625,0.979166667,0.888888889,0.409722222,0.097222222,0.909722222,0.180555556,0.631944444,0.173611111,0.013888889,Phoenix,329703,66.87,335775,246208,2692,4529,3072,7261,740,790,630,450,710,320,3,63451,228.4309777,225.9261479,1,0,0
85083,2,9,0,0,11,27.27272727,3.727272727,1,0.909090909,0,0.181818182,1,0.181818182,0.818181818,0,0,Phoenix,800306,66.87,811272,630127,2937,7658,5777,20727,1850,1110,960,940,2280,840,4,98156,158.1722649,153.139877,0,0,0
85085,52,97,16,6,171,51.42105263,3.573099415,0.994152047,0.912280702,0.18128655,0.122807018,0.976608187,0.304093567,0.567251462,0.093567251,0.035087719,Phoenix,962627,66.87,977393,768300,3777,6488,4827,20617,2320,2090,1550,1190,2620,880,3,83975,159.8760832,152.9149419,0,0,0
85086,20,33,4,0,57,35.94736842,3.385964912,0.98245614,0.912280702,0.228070175,0,0.98245614,0.350877193,0.578947368,0.070175439,0,Phoenix,1493729,66.87,1517264,1037821,7646,21281,15904,64917,4500,2960,2270,2140,4030,1260,3,87537,163.8633753,160.8648599,0,0,0
85120,0,1,0,0,1,11,3,1,1,0,0,1,0,1,0,0,Mesa,415537,66.87,419037,292260,1902,2947,1891,7788,4750,3250,1520,740,500,50,2,38285,145.874903,140.3004818,0,0,0
85122,0,0,1,0,1,12,3,1,1,1,0,1,0,0,1,0,Chandler,885467,66.87,893721,666944,3314,6485,4524,11054,8080,5830,2720,1590,1590,170,2,46183,111.1432757,104.5901634,0,0,0
85142,0,1,0,0,1,9,3.5,1,1,0,0,1,0,1,0,0,Tempe,1959122,66.87,1986140,1526402,7429,11382,8324,43851,7030,5260,3950,3260,5050,1250,3,76505,141.6426378,136.6551772,0,0,0
85201,139,171,19,6,335,43.4,3.502985075,0.973134328,0.92238806,0.229850746,0.047761194,0.949253731,0.414925373,0.510447761,0.056716418,0.017910448,Tempe,732622,66.87,741899,600900,2791,4835,3450,7918,9400,6790,2290,950,750,130,2,40225,157.6021338,151.0890575,0,0,0
85202,182,172,16,4,374,54.95187166,3.669786096,0.967914439,0.871657754,0.13368984,0.053475936,0.967914439,0.486631016,0.459893048,0.042780749,0.010695187,Mesa,801117,66.87,810117,652942,2321,6131,4495,11725,7250,5850,2320,1250,1380,200,2,45509,150.9003633,143.9179069,0,0,0
85203,66,61,7,4,138,41.57971014,3.550724638,0.971014493,0.913043478,0.152173913,0.043478261,0.971014493,0.47826087,0.442028986,0.050724638,0.028985507,Mesa,771428,66.87,783237,558706,3643,7505,5304,23054,5950,4290,1950,1200,1440,340,2,54171,153.1695925,147.1939649,0,0,0
85204,139,195,28,9,371,50.05121294,3.513477089,0.981132075,0.870619946,0.215633423,0.040431267,0.956873315,0.374663073,0.525606469,0.075471698,0.02425876,Mesa,992513,66.87,1003571,812841,3151,3306,2198,9129,10590,8330,3280,1600,1190,160,2,45808,158.782739,154.6295976,0,0,1
85205,99,97,9,3,208,40,3.480769231,0.975961538,0.865384615,0.144230769,0.081730769,0.975961538,0.475961538,0.466346154,0.043269231,0.014423077,Mesa,1095873,66.87,1110342,706574,7105,14682,8973,52560,6400,4600,2570,1680,1930,540,2,52491,160.3058162,151.929161,0,0,0
85206,107,193,25,3,328,36,3.394817073,0.987804878,0.905487805,0.192073171,0.097560976,0.960365854,0.326219512,0.588414634,0.076219512,0.009146341,Mesa,765853,66.87,775216,500541,7966,17479,11330,14980,5220,4520,2460,1430,1400,220,2,49456,154.4598202,150.1685737,0,0,0
85207,30,33,3,1,67,32.29850746,3.455223881,0.955223881,0.895522388,0.253731343,0,0.880597015,0.447761194,0.492537313,0.044776119,0.014925373,Mesa,1630815,66.87,1655501,1128314,13120,24444,17292,66165,6170,4350,2710,1970,3510,1410,2,74388,170.2573339,166.627568,0,0,0
85208,11,8,0,0,19,22.73684211,3.236842105,0.947368421,0.842105263,0.210526316,0.052631579,1,0.578947368,0.421052632,0,0,Mesa,627426,66.87,633359,471720,2511,6201,4430,6132,5680,4200,2320,1270,960,100,2,48190,157.0421983,147.049235,0,0,0
85209,26,47,4,0,77,45.55844156,3.474025974,0.974025974,0.87012987,0.168831169,0.077922078,0.961038961,0.337662338,0.61038961,0.051948052,0,Phoenix,1007339,66.87,1018546,694911,5620,13657,9429,15342,5330,4290,2850,1890,2450,360,2,58669,155.3154571,150.2560125,0,0,0
85210,135,166,15,4,320,51.84375,3.5375,0.971875,0.8875,0.159375,0.06875,0.946875,0.421875,0.51875,0.046875,0.0125,Mesa,632200,66.87,639122,528446,857,2950,1854,10322,7290,5380,1840,920,860,110,2,44428,156.5178236,148.6032916,0,0,0
85212,26,37,3,1,67,47.92537313,3.485074627,1,0.880597015,0.179104478,0.029850746,0.970149254,0.388059701,0.552238806,0.044776119,0.014925373,Mesa,1057854,66.87,1069706,878221,3109,4944,3272,13209,3940,2760,2240,2060,3390,460,3,72658,151.9384151,145.240711,0,0,0
85213,33,37,3,1,74,34.41891892,3.581081081,0.972972973,0.864864865,0.148648649,0.040540541,0.986486486,0.445945946,0.5,0.040540541,0.013513514,Mesa,1144800,66.87,1162828,748267,7904,15858,11432,35684,4510,3270,1950,1350,2360,850,2,68756,159.8553872,153.4368708,0,0,0
85215,52,113,7,2,174,43.34482759,3.454022989,1,0.890804598,0.252873563,0.057471264,0.965517241,0.298850575,0.649425287,0.040229885,0.011494253,Mesa,582409,66.87,591774,353152,6706,14015,8892,22341,2320,1570,1160,850,1350,430,2,65120,171.8756434,165.6757027,0,0,0
85224,187,254,26,6,473,61.36575053,3.662790698,0.980972516,0.890063425,0.186046512,0.11205074,0.968287526,0.395348837,0.536997886,0.054968288,0.012684989,Chandler,1351961,66.87,1369684,1100741,4090,13601,9879,22263,6500,6200,3770,2400,2850,620,2,64746,175.1317867,169.7069032,0,1,0
85225,159,201,18,2,380,58.34210526,3.781578947,0.95,0.839473684,0.207894737,0.123684211,0.931578947,0.418421053,0.528947368,0.047368421,0.005263158,Phoenix,1668703,66.87,1686296,1392715,4059,9471,6671,22645,11510,9310,4750,2720,3280,560,2,57304,170.3981062,163.3314386,1,0,0
85226,172,409,75,12,668,55.52844311,3.60254491,0.989520958,0.848802395,0.233532934,0.071856287,0.935628743,0.25748503,0.612275449,0.112275449,0.017964072,Phoenix,1467265,66.87,1485945,1144168,7535,19380,15004,42639,4990,4380,2850,2100,3420,1050,3,74939,180.8080509,173.5738643,0,0,0
85233,3,0,0,0,3,47,3.166666667,1,0.666666667,0.333333333,0,1,1,0,0,0,Mesa,1241643,66.87,1258570,989135,4721,13038,9353,17702,4960,4100,2720,1990,3240,780,2,77779,169.4839967,162.5018861,0,0,0
85234,1,0,0,0,1,15,4.5,1,1,1,0,1,1,0,0,0,Phoenix,1697762,66.87,1725705,1250345,9813,17181,12782,62896,6360,4530,3030,2440,4130,1270,2,80070,165.8460737,160.7112339,0,0,0
85248,64,131,15,4,214,52.94392523,3.560747664,0.981308411,0.920560748,0.322429907,0.051401869,0.929906542,0.299065421,0.612149533,0.070093458,0.018691589,Mesa,1762243,66.87,1787216,965741,23850,55043,39004,101648,3980,3080,2350,1910,3730,1750,3,76887,179.1412621,174.8286033,0,0,0
85249,47,52,6,3,108,35.42592593,3.462962963,0.990740741,0.935185185,0.194444444,0.064814815,0.981481481,0.435185185,0.481481481,0.055555556,0.027777778,Chandler,2082877,66.87,2110080,1568089,8520,26884,20605,83227,4640,2530,2080,1930,5010,2530,4,100623,169.4287893,160.2814432,0,0,0
85250,53,137,33,7,230,52.65652174,3.673913043,0.991304348,0.926086957,0.304347826,0.069565217,0.886956522,0.230434783,0.595652174,0.143478261,0.030434783,Phoenix,794979,66.87,808866,461409,7496,31471,19279,58036,2390,2050,1490,1070,1440,610,3,65018,227.3377562,219.5187178,0,0,0
85253,22,141,47,6,216,92.63888889,3.956018519,0.976851852,0.939814815,0.347222222,0.236111111,0.824074074,0.101851852,0.652777778,0.217592593,0.027777778,Phoenix,3752220,66.87,3816652,1369927,106855,281365,224280,758269,1690,940,680,510,1110,3150,5,124687,449.7498272,437.6439173,0,0,1
85254,134,411,125,18,688,64.64534884,3.893895349,0.98255814,0.906976744,0.226744186,0.159883721,0.92877907,0.194767442,0.597383721,0.181686047,0.026162791,Phoenix,2475067,66.87,2524184,1691567,19355,52306,38116,124346,5640,3760,2990,2610,5160,2770,3,87185,232.7919334,222.160679,0,0,0
85255,54,216,51,14,335,66.14328358,3.831343284,0.991044776,0.895522388,0.394029851,0.149253731,0.901492537,0.16119403,0.644776119,0.152238806,0.041791045,Scottsdale,4532781,66.87,4621284,2305027,66191,220190,171099,695299,4080,2370,1960,1730,4490,5400,4,120666,282.293639,275.1013907,0,0,0
85257,93,135,18,1,247,71.11336032,3.751012146,0.991902834,0.914979757,0.186234818,0.085020243,0.910931174,0.376518219,0.546558704,0.072874494,0.004048583,Phoenix,803150,66.87,814483,626027,2769,9342,6557,16217,4940,4260,2480,1380,1610,320,2,49327,230.1486143,222.0386059,0,0,0
85258,78,192,39,6,315,63.6,3.933333333,0.984126984,0.923809524,0.253968254,0.231746032,0.926984127,0.247619048,0.60952381,0.123809524,0.019047619,Scottsdale,1697681,66.87,1730005,871112,25669,77407,57652,137991,2900,2070,1670,1330,2690,1910,3,75452,249.0995929,242.8502798,0,0,0
85259,24,52,2,2,80,47.7875,3.78125,0.975,0.95,0.175,0.075,0.9125,0.3,0.65,0.025,0.025,Scottsdale,1783584,66.87,1817035,1076047,24164,68267,52835,156331,2460,1540,1150,880,2120,2410,4,107864,241.4239456,236.1338373,0,0,0
85260,174,434,79,23,710,59.65070423,3.761971831,0.985915493,0.895774648,0.254929577,0.128169014,0.949295775,0.245070423,0.611267606,0.111267606,0.032394366,Scottsdale,2127210,66.87,2169552,1296413,25353,66143,49835,206814,4720,3570,2760,1940,3550,2340,3,84168,230.3290933,224.1241469,0,1,1
85262,11,22,10,5,48,37.41666667,3.677083333,1,0.875,0.4375,0.0625,0.875,0.229166667,0.458333333,0.208333333,0.104166667,Tempe,1722866,66.87,1751971,705420,32460,133410,107808,365153,900,560,470,450,1340,1660,5,93923,283.8658201,278.7601121,0,0,0
85266,7,30,8,2,47,41.14893617,3.776595745,0.957446809,0.787234043,0.29787234,0.127659574,0.936170213,0.14893617,0.638297872,0.170212766,0.042553191,Scottsdale,1072364,66.87,1091206,493770,15415,49757,38833,123672,1010,530,450,430,1280,1350,5,104076,267.2122145,250.6833012,0,0,0
85281,404,551,43,18,1016,82.81299213,3.647637795,0.975393701,0.953740157,0.397637795,0.046259843,0.88484252,0.397637795,0.542322835,0.042322835,0.017716535,Phoenix,984123,66.87,997509,822937,3570,12227,7820,24309,10220,6390,2310,1050,1000,320,2,36350,213.3272485,207.4925416,0,1,0
85282,239,291,33,13,576,49.02951389,3.5234375,0.979166667,0.881944444,0.149305556,0.083333333,0.947916667,0.414930556,0.505208333,0.057291667,0.022569444,Phoenix,1225179,66.87,1240870,910919,6405,22389,17010,27851,8890,7350,3460,1990,2340,420,2,52018,176.4736008,168.9475781,1,0,0
85283,132,178,8,3,321,59.85046729,3.609034268,0.975077882,0.890965732,0.22741433,0.115264798,0.950155763,0.411214953,0.554517134,0.024922118,0.009345794,Phoenix,1164478,66.87,1179223,908680,5408,13883,9949,26095,7390,6390,3150,1830,2280,550,2,53997,174.2319996,168.0323397,0,0,1
85284,118,202,20,6,346,62.76878613,3.723988439,0.988439306,0.869942197,0.219653179,0.141618497,0.968208092,0.341040462,0.583815029,0.057803468,0.01734104,Phoenix,1344954,66.87,1367529,798778,14776,35519,26670,111483,2100,1520,1140,970,2320,1570,4,117190,188.0352512,186.0109147,0,0,0
85286,64,132,9,3,208,60.50480769,3.627403846,0.995192308,0.918269231,0.25,0.067307692,0.980769231,0.307692308,0.634615385,0.043269231,0.014423077,Mesa,1793388,66.87,1816290,1486623,6747,16072,12138,48745,4520,3200,2330,2120,4570,1720,3,90420,171.2288431,165.1102173,0,0,0
85295,2,2,1,0,5,35.2,4.1,0.8,1,0,0.4,0.8,0.4,0.4,0.2,0,Mesa,1547352,66.87,1569852,1258846,6417,8091,6031,44437,5020,3900,2920,2430,3930,1160,3,90611,158.348499,148.4333926,0,0,1
85296,1,0,0,0,1,4,5,1,1,0,1,1,1,0,0,0,Chandler,1540606,66.87,1563271,1235754,5013,11584,8184,37750,5010,3940,3140,2490,4150,1060,3,83742,163.0330974,154.0476386,0,0,0
85297,0,2,0,0,2,45.5,4.5,1,1,0,0,1,0,1,0,0,Chandler,1158536,66.87,1175802,906605,5484,7779,5692,22668,3210,2170,1780,1700,3200,910,3,82132,158.5880159,155.4639462,0,0,0
85301,1,0,0,0,1,12,4,1,1,1,0,1,1,0,0,0,Phoenix,645525,66.87,650845,547454,649,1542,1095,2367,12880,7230,1760,540,370,30,1,33510,118.6755494,109.0600432,0,0,0
85302,1,0,0,0,1,9,3.5,1,1,0,0,1,1,0,0,0,Phoenix,693603,66.87,700162,545071,2410,4141,2841,6034,7090,5450,2310,1270,1000,80,2,46827,134.0400169,127.1775513,0,0,0
85303,2,0,0,0,2,31,2.75,1,1,1,0,1,1,0,0,0,Phoenix,507421,66.87,511962,421598,670,1024,571,2536,5840,4330,1620,760,590,80,2,51462,136.5666044,128.7079017,0,0,0
85304,0,2,0,0,2,9.5,3.5,1,1,0.5,0,0.5,0,1,0,0,Phoenix,645713,66.87,652615,494766,1876,4843,3547,7678,4140,3350,1860,1200,1420,200,2,65895,138.4585024,136.0327288,0,0,0
85305,0,1,0,0,1,4,4,1,1,0,0,1,0,1,0,0,Phoenix,312326,66.87,315651,256448,483,892,567,8035,1830,1700,860,550,680,90,2,65771,138.9294076,131.2649377,0,0,0
85306,2,2,0,0,4,7.75,4.375,1,1,0,0,1,0.5,0.5,0,0,Phoenix,535851,66.87,542104,408530,1842,3920,2715,6669,3920,3100,1730,980,1030,150,2,55879,146.7983851,143.1353526,0,0,0
85308,3,8,1,0,12,61.33333333,3.666666667,0.916666667,0.833333333,0.166666667,0.166666667,1,0.25,0.666666667,0.083333333,0,Phoenix,2000424,66.87,2028470,1510085,8385,19709,14111,41755,8810,7330,4710,3340,5000,1110,2,75335,159.5835394,154.8419296,0,0,1
85310,3,6,0,0,9,29.11111111,3.222222222,1,1,0.222222222,0.222222222,1,0.333333333,0.666666667,0,0,Phoenix,783322,66.87,795698,560346,6116,9816,7531,22781,2360,1690,1380,1130,2030,600,3,92927,164.50829,162.1391014,0,0,0
85326,1,0,0,0,1,17,3.5,1,1,0,0,1,1,0,0,0,Tempe,1076837,66.87,1086829,896140,2397,3272,2224,15196,7740,7430,3860,2110,1810,160,2,53190,121.5635028,116.3204905,0,0,0
85331,3,1,0,0,4,17.75,3.875,1,1,0,0.25,0.75,0.75,0.25,0,0,Phoenix,1582522,66.87,1610865,1072818,11163,30106,22548,89414,3250,1800,1380,1410,3440,1880,4,95488,213.8924824,209.4173941,0,0,0
85339,15,9,1,0,25,31.6,2.72,1,0.84,0.2,0,0.92,0.6,0.36,0.04,0,Phoenix,926867,66.87,936705,798889,1681,2291,1629,8589,6300,5440,2990,1790,1820,220,2,71757,123.6705266,116.4778872,0,0,0
85345,0,1,0,0,1,30,5,1,0,0,1,1,0,1,0,0,Phoenix,1071239,66.87,1081203,895458,1485,3221,2067,5281,9500,7970,3980,2040,1620,110,2,49216,145.8539119,141.1368687,0,0,0
85353,0,1,0,0,1,3,5,1,0,0,1,1,0,1,0,0,Phoenix,643261,66.87,648693,567320,4624,514,285,2460,6070,5660,2410,1170,650,50,2,54869,122.8065601,113.6095883,0,0,0
85355,2,0,0,0,2,5,4.25,1,1,0.5,0,1,1,0,0,0,Phoenix,355809,66.87,361314,265497,1052,2323,1588,7527,1260,990,800,670,1030,180,3,78852,135.5423075,130.638396,0,0,0
85374,0,0,0,1,1,29,2,1,1,0,0,1,0,0,0,1,Phoenix,1024177,66.87,1033472,483556,10974,32213,23232,45479,5470,4640,3130,2110,2250,310,2,50962,159.0134385,149.5650575,0,0,1
85377,0,1,2,0,3,103.6666667,4.166666667,1,1,0.333333333,0.333333333,0.666666667,0,0.333333333,0.666666667,0,Scottsdale,372784,66.87,378896,108445,8150,79087,70296,58963,390,270,190,170,440,380,4,124258,266.6252742,254.5579733,0,0,0
85381,0,1,0,0,1,9,5,1,1,0,1,1,0,1,0,0,Phoenix,781171,66.87,791320,556565,4024,11747,7740,16806,3680,3090,1940,1340,1900,350,2,71355,149.1163425,143.8869024,0,0,0
85382,0,1,0,0,1,9,4.5,1,1,0,0,1,0,1,0,0,Phoenix,1222451,66.87,1236490,845370,7148,21025,14822,24805,5600,4530,3080,2310,3280,510,2,69722,156.295653,149.9743158,0,0,0
85392,0,1,0,0,1,52,4.5,1,1,0,1,1,0,1,0,0,Phoenix,841959,66.87,850212,704712,1511,2551,1929,6371,5370,4760,2700,1620,1780,200,2,73655,129.5471073,123.5111322,0,0,0
85705,0,1,0,0,1,8,4,1,0,0,0,1,0,1,0,0,Las Vegas,592116,70.97,599217,477137,1750,4309,2979,5439,12120,5970,1580,540,380,90,1,25811,130.8886678,126.031327,1,0,0
89002,16,16,1,1,34,54.32352941,3.529411765,0.970588235,0.794117647,0.117647059,0.029411765,0.852941176,0.470588235,0.470588235,0.029411765,0.029411765,Henderson,1139677,70.97,1151362,854552,3490,6921,4769,25891,4530,3470,2520,1950,3050,570,3,75534,169.3863544,160.9249291,0,0,0
89011,26,51,6,6,89,50.56179775,3.741573034,0.97752809,0.887640449,0.337078652,0.04494382,0.865168539,0.292134831,0.573033708,0.06741573,0.06741573,Henderson,1006714,70.97,1019021,616613,9813,20046,14694,72363,3870,3570,1960,1220,1650,580,2,60941,183.3087012,172.6611601,0,0,0
89012,62,121,9,4,196,86.39795918,3.859693878,0.979591837,0.846938776,0.132653061,0.12244898,0.923469388,0.316326531,0.617346939,0.045918367,0.020408163,Las Vegas,1780769,70.97,1802765,901190,24766,38036,28030,272666,4120,3370,2530,1870,2960,1180,3,78899,198.4503522,193.5806399,1,0,0
89014,227,384,46,14,671,70.70491803,3.532041729,0.977645306,0.806259314,0.117734724,0.056631893,0.956780924,0.338301043,0.572280179,0.068554396,0.020864382,Las Vegas,1086188,70.97,1098072,773486,5412,14347,11028,57407,6780,5630,2820,1630,1960,450,2,59652,168.4735878,163.4090187,0,0,1
89015,132,107,8,5,252,43.55555556,3.347222222,0.968253968,0.857142857,0.126984127,0.031746032,0.932539683,0.523809524,0.424603175,0.031746032,0.01984127,Henderson,907068,70.97,915437,667340,3245,7042,5512,15679,6600,4820,2550,1600,1790,310,2,55883,174.7676608,163.979399,0,0,0
89030,8,7,2,0,17,34.47058824,3.088235294,1,0.647058824,0.117647059,0,1,0.470588235,0.411764706,0.117647059,0,Las Vegas,539363,70.97,542209,473795,202,258,142,951,10890,6670,1520,380,150,20,1,35239,150.2910847,132.998685,0,0,0
89031,7,5,0,0,12,46.33333333,3.5,1,0.916666667,0.166666667,0,0.916666667,0.583333333,0.416666667,0,0,Las Vegas,1481446,70.97,1492128,1222131,2053,3368,2363,14996,10750,9820,5100,2960,2700,210,2,69313,154.9348692,144.8170458,0,0,0
89032,7,10,0,0,17,32,3.323529412,1,0.823529412,0.058823529,0,0.941176471,0.411764706,0.588235294,0,0,Las Vegas,799693,70.97,805211,662060,1045,1448,987,2903,7900,6820,2880,1390,1040,70,2,55044,150.9342373,142.981423,0,0,0
89044,12,27,9,1,49,135.122449,3.540816327,1,0.836734694,0.224489796,0.06122449,0.775510204,0.244897959,0.551020408,0.183673469,0.020408163,Las Vegas,1044003,70.97,1056235,622682,9561,24130,18300,61154,2090,1740,1620,1370,2550,960,3,81508,193.0918478,182.9598917,0,0,0
89052,153,357,39,8,557,84.69479354,3.821364452,0.982046679,0.867145422,0.181328546,0.165170557,0.919210054,0.274685817,0.640933573,0.070017953,0.014362657,Las Vegas,3215600,70.97,3257005,1626425,44216,85471,64318,346581,6580,4900,3690,2880,5340,2760,3,80294,204.6898014,199.8543789,0,0,1
89074,84,141,11,7,243,58.46502058,3.790123457,0.983539095,0.868312757,0.098765432,0.189300412,0.938271605,0.345679012,0.580246914,0.04526749,0.028806584,Las Vegas,1831873,70.97,1858914,1267356,13734,23441,16421,82429,7570,6200,3970,2540,3610,1240,2,71088,174.5466539,167.8866038,0,0,0
89081,0,2,0,0,2,35.5,3.5,1,1,0,0,0.5,0,1,0,0,Las Vegas,748550,70.97,754476,616439,1028,1799,1159,7236,5580,5300,2570,1410,1250,100,2,53445,143.5559422,133.8255723,0,0,0
89084,1,4,0,0,5,44.8,3.4,1,0.8,0,0,0.8,0.2,0.8,0,0,Las Vegas,761830,70.97,768463,561337,2672,5721,4197,11304,3390,3010,1990,1450,1980,290,2,65299,154.2480392,144.0742354,0,0,0
89101,191,311,35,9,546,140.2875458,3.707875458,0.950549451,0.802197802,0.236263736,0.036630037,0.805860806,0.34981685,0.56959707,0.064102564,0.016483516,Las Vegas,517364,70.97,522011,381983,1813,2571,2138,7262,8540,4820,1050,320,230,110,1,29139,188.0543751,175.0400962,0,0,0
89102,320,423,44,19,806,108.2754342,3.683622829,0.956575682,0.802729529,0.086848635,0.043424318,0.923076923,0.397022333,0.524813896,0.054590571,0.023573201,Las Vegas,720011,70.97,727081,459940,5065,14999,10379,29817,8030,5170,1270,560,630,290,1,38807,172.125624,165.7739318,0,0,0
89103,266,448,68,18,800,97.12375,3.581875,0.9525,0.76125,0.11375,0.06375,0.88625,0.3325,0.56,0.085,0.0225,Las Vegas,1031363,70.97,1043763,719570,6233,14343,11039,33798,10790,8660,2470,940,780,310,2,42954,177.2741959,165.6542045,0,0,0
89104,241,261,23,6,531,75.30885122,3.617702448,0.939736347,0.834274953,0.094161959,0.043314501,0.922787194,0.45386064,0.491525424,0.043314501,0.011299435,Las Vegas,588721,70.97,593178,477924,1232,2909,2376,8009,9100,6080,1730,630,450,70,1,42182,159.1967009,149.763793,0,0,0
89106,69,140,48,10,267,30.29588015,3.470037453,0.97752809,0.782771536,0.101123596,0.037453184,0.97752809,0.258426966,0.524344569,0.179775281,0.037453184,Las Vegas,329769,70.97,332710,258265,452,1079,743,1525,5720,3260,880,310,200,60,1,31945,157.6780527,138.0097047,0,0,0
89107,85,106,23,7,221,39.68325792,3.470588235,0.977375566,0.773755656,0.049773756,0.045248869,0.972850679,0.384615385,0.479638009,0.104072398,0.031674208,Las Vegas,917078,70.97,925893,561914,9392,21718,16570,49690,7740,5680,1990,800,650,320,2,50828,150.5696387,144.3660359,0,0,0
89108,124,135,8,1,268,47.29850746,3.455223881,0.985074627,0.768656716,0.074626866,0.055970149,0.955223881,0.462686567,0.503731343,0.029850746,0.003731343,Las Vegas,1139689,70.97,1148851,929954,2905,4498,3015,10731,14290,10740,3720,1570,1190,150,2,47423,156.9551971,149.11742,0,0,0
89110,82,64,8,2,156,29.51282051,3.272435897,0.961538462,0.756410256,0.044871795,0.038461538,0.967948718,0.525641026,0.41025641,0.051282051,0.012820513,Las Vegas,1116578,70.97,1124151,913278,2446,4817,3531,11350,13690,10150,3340,1500,1360,170,2,48929,150.3249205,138.5248727,0,0,0
89113,90,168,9,8,275,99.86181818,3.730909091,0.981818182,0.792727273,0.152727273,0.130909091,0.949090909,0.327272727,0.610909091,0.032727273,0.029090909,Las Vegas,1243732,70.97,1258645,788549,20247,57741,49813,126056,4560,4660,2490,1390,1780,770,2,74528,181.6520267,174.1742512,0,0,0
89115,69,61,4,1,135,23.4962963,3.22962963,0.948148148,0.711111111,0.081481481,0,0.933333333,0.511111111,0.451851852,0.02962963,0.007407407,Las Vegas,692747,70.97,696879,615879,451,509,296,1529,11810,7880,2190,710,360,30,1,39105,137.608171,128.0422514,0,0,0
89117,161,433,64,7,665,85.46917293,3.906766917,0.980451128,0.858646617,0.130827068,0.209022556,0.95037594,0.242105263,0.65112782,0.096240602,0.010526316,Las Vegas,2242508,70.97,2273210,1285468,23505,64469,50866,199783,9410,7880,3980,2260,3010,1450,2,62122,175.4007418,169.3565237,1,0,0
89118,153,269,27,14,463,99.14038877,3.889848812,0.965442765,0.807775378,0.13174946,0.153347732,0.950323974,0.330453564,0.580993521,0.058315335,0.030237581,Las Vegas,574144,70.97,582479,381624,4278,8119,6276,16280,3830,3630,1340,600,690,280,2,51243,165.2650408,158.8564258,0,0,0
89119,340,587,100,28,1055,100.628436,3.539336493,0.980094787,0.74028436,0.148815166,0.048341232,0.897630332,0.322274882,0.556398104,0.09478673,0.026540284,Las Vegas,821840,70.97,830378,604606,8783,13380,6381,34761,10970,7200,1970,770,570,160,1,39337,143.9452172,144.1518686,1,0,0
89120,82,119,12,3,216,57.69907407,3.949074074,0.967592593,0.824074074,0.134259259,0.171296296,0.930555556,0.37962963,0.550925926,0.055555556,0.013888889,Las Vegas,752457,70.97,759747,436354,6341,10932,8210,19571,4450,3540,1520,770,950,310,2,58036,151.3992284,147.6233877,0,0,0
89121,229,198,23,4,454,49.49559471,3.528634361,0.940528634,0.821585903,0.081497797,0.044052863,0.911894273,0.504405286,0.436123348,0.050660793,0.008810573,Las Vegas,1095391,70.97,1104696,827246,5032,12508,9752,21827,13860,9640,3220,1430,1190,210,2,47453,141.9165354,132.3547108,0,0,0
89122,50,53,3,1,107,50.30841121,3.102803738,0.953271028,0.700934579,0.121495327,0.028037383,0.91588785,0.46728972,0.495327103,0.028037383,0.009345794,Las Vegas,887332,70.97,893988,709662,1827,4920,3326,10836,9540,8180,3150,1340,960,100,2,43881,150.8662792,143.410393,0,0,0
89123,238,468,39,6,751,84.58721704,3.71770972,0.988015979,0.860186418,0.125166445,0.09587217,0.950732357,0.316910786,0.623169108,0.051930759,0.007989348,Las Vegas,1669322,70.97,1688452,1244688,7133,16776,13067,39283,8820,7810,4430,2680,3450,770,2,67682,183.1639814,175.038059,0,0,0
89124,1,4,0,0,5,80,3.1,1,1,0.2,0,0.6,0.2,0.8,0,0,Las Vegas,24150,70.97,24299,14718,53,211,80,416,70,50,50,30,90,0,3,77932,345.4723255,344.3450101,0,0,0
89128,103,186,20,3,312,81.87179487,3.700320513,0.987179487,0.875,0.189102564,0.169871795,0.907051282,0.330128205,0.596153846,0.064102564,0.009615385,Las Vegas,954052,70.97,967320,682059,4349,12433,8819,16290,6440,5300,2450,1370,1690,440,2,62825,163.4751408,157.4587178,1,0,1
89129,73,92,7,4,176,60.86363636,3.627840909,0.977272727,0.857954545,0.119318182,0.085227273,0.931818182,0.414772727,0.522727273,0.039772727,0.022727273,Las Vegas,1598927,70.97,1620940,1174413,6720,16439,12831,39515,7740,6510,4040,2540,3240,890,2,72034,164.0169192,157.430938,0,0,0
89130,129,144,19,2,294,53.24829932,3.491496599,0.979591837,0.81292517,0.119047619,0.071428571,0.901360544,0.43877551,0.489795918,0.06462585,0.006802721,Las Vegas,914536,70.97,922413,661111,3731,7571,5409,14689,5110,4190,2560,1680,2140,330,2,70745,163.4337582,157.7523514,0,0,0
89131,60,103,7,0,170,64.25882353,3.505882353,0.994117647,0.811764706,0.088235294,0.088235294,0.988235294,0.352941176,0.605882353,0.041176471,0,Las Vegas,1750732,70.97,1769985,1245865,11119,17917,10358,57249,5490,4250,3170,2540,4570,1260,3,88336,162.0455994,156.1338343,0,0,0
89134,30,58,4,3,95,57.48421053,3.715789474,0.989473684,0.884210526,0.294736842,0.147368421,0.978947368,0.315789474,0.610526316,0.042105263,0.031578947,Las Vegas,1949489,70.97,1968441,819805,39663,78216,61719,477069,3370,2490,1990,1530,2340,1190,3,77659,211.9589593,203.7435204,0,0,0
89135,71,171,39,2,283,117.254417,3.602473498,0.989399293,0.848056537,0.243816254,0.09540636,0.922261484,0.250883392,0.604240283,0.137809187,0.007067138,Las Vegas,2662112,70.97,2700973,1464161,51195,95963,75943,282339,3100,2240,1850,1500,3080,2280,3,79718,242.2980644,242.482213,0,0,1
89139,129,198,18,7,352,114.3068182,3.708806818,0.980113636,0.744318182,0.088068182,0.073863636,0.946022727,0.366477273,0.5625,0.051136364,0.019886364,Las Vegas,1155687,70.97,1168349,930365,5081,6117,4556,19650,6240,6330,3380,1770,2120,520,2,69890,161.9331736,157.8861617,0,0,0
89141,27,47,6,0,80,100.1,3.475,0.9875,0.9,0.125,0.0625,0.95,0.3375,0.5875,0.075,0,Las Vegas,1483299,70.97,1500347,1026250,12244,32518,26826,100180,3730,3560,2350,1670,2370,910,3,75854,169.4248233,165.5801387,0,0,0
89142,20,20,1,1,42,31.73809524,3.321428571,0.928571429,0.80952381,0.071428571,0.071428571,0.928571429,0.476190476,0.476190476,0.023809524,0.023809524,Las Vegas,576508,70.97,579915,500114,613,956,673,1301,6470,5590,2010,850,630,50,2,55857,149.3767984,142.0132928,0,0,0
89143,6,17,1,0,24,121.125,4.0625,1,0.875,0.125,0.166666667,1,0.25,0.708333333,0.041666667,0,Las Vegas,362485,70.97,366022,291032,572,1194,883,2732,1530,1310,990,680,940,140,2,76035,152.8255749,148.3706768,0,0,0
89144,7,24,0,1,32,68.34375,3.765625,1,0.78125,0.125,0.25,0.9375,0.21875,0.75,0,0.03125,Las Vegas,1150277,70.97,1166470,659371,8678,26741,20032,97027,2210,1780,1330,950,1600,990,3,85724,206.1335061,197.100638,0,0,0
89145,67,186,31,8,292,93.98287671,3.755136986,0.97260274,0.804794521,0.191780822,0.113013699,0.883561644,0.229452055,0.636986301,0.106164384,0.02739726,Las Vegas,1672335,70.97,1684640,566582,26428,92276,80194,181187,4300,3650,1710,960,960,570,2,61560,165.5070715,163.8912683,0,0,0
89146,255,314,27,5,601,103.8086522,3.856073211,0.950083195,0.808652246,0.093178037,0.093178037,0.940099834,0.424292845,0.522462562,0.044925125,0.008319468,Las Vegas,448895,70.97,454886,293824,2836,9291,6163,26945,4100,2590,990,530,590,250,2,57758,161.1295754,156.624244,0,0,0
89147,199,381,22,6,608,83.98355263,3.944901316,0.978618421,0.851973684,0.095394737,0.197368421,0.944078947,0.327302632,0.626644737,0.036184211,0.009868421,Las Vegas,1323449,70.97,1339427,985731,7325,11966,8616,27329,9570,8590,4060,1930,1940,480,2,59080,170.3337624,166.0224183,0,0,0
89148,110,173,14,5,302,95.75496689,3.905629139,0.976821192,0.844370861,0.19205298,0.149006623,0.960264901,0.364238411,0.572847682,0.046357616,0.016556291,Las Vegas,1731963,70.97,1759938,1198615,47573,19830,15722,56649,7600,7100,4250,2530,2940,730,2,69580,173.0115057,165.5346621,0,0,0
89149,86,162,10,1,259,89.09266409,3.55019305,0.984555985,0.791505792,0.154440154,0.084942085,0.94980695,0.332046332,0.625482625,0.038610039,0.003861004,Las Vegas,1441857,70.97,1461547,972749,9523,17133,12609,67237,4770,4250,2910,1980,3030,1020,2,81150,164.8431307,161.1507754,0,0,1
89156,17,13,1,0,31,28.06451613,3.14516129,0.967741935,0.741935484,0.032258065,0.032258065,0.935483871,0.548387097,0.419354839,0.032258065,0,Las Vegas,438270,70.97,441363,358102,1030,1488,1008,1802,5190,4070,1520,650,460,50,2,55872,146.0191008,138.1481429,0,0,0
89166,2,5,0,0,7,96.14285714,3.857142857,1,1,0,0,1,0.285714286,0.714285714,0,0,Las Vegas,647481,70.97,654161,561576,1115,2472,1609,4936,2140,2380,1890,1310,1780,210,3,77774,158.667134,150.7991996,0,0,0
89169,121,178,35,7,341,144.4780059,3.501466276,0.976539589,0.788856305,0.146627566,0.035190616,0.82111437,0.35483871,0.521994135,0.102639296,0.020527859,Las Vegas,476517,70.97,481675,266970,5493,8026,5713,18817,5310,2980,710,250,230,120,1,35305,142.3035526,139.8301562,0,0,0
89178,24,24,0,1,49,65.16326531,3.520408163,0.979591837,0.857142857,0.040816327,0.040816327,0.959183673,0.489795918,0.489795918,0,0.020408163,Las Vegas,1125436,70.97,1138833,928756,2057,5450,4375,15855,4340,4640,3140,1990,2580,520,2,94455,161.8465253,157.0711584,0,0,0
89179,1,1,0,0,2,269,4.5,1,0.5,0,0,1,0.5,0.5,0,0,Las Vegas,332394,70.97,335517,291255,443,1086,745,2798,1000,1170,960,720,900,110,3,85444,166.8765965,160.5283011,0,0,0
89183,95,144,8,3,250,96.456,3.698,0.98,0.808,0.14,0.124,0.908,0.38,0.576,0.032,0.012,Las Vegas,939768,70.97,950453,761335,1630,4822,3584,12363,5710,5500,2940,1540,1510,380,2,68761,172.7063737,164.8930977,0,0,0
89502,1,0,0,0,1,57,2,1,0,0,0,1,1,0,0,0,Henderson,861651,70.97,870690,653918,5389,10941,8363,21000,9480,7110,2470,1000,980,290,2,38624,214.9378972,214.882509,1,0,1
90001,0,1,0,0,1,64,5,1,1,0,1,1,0,1,0,0,Las Vegas,615269,70.97,619635,543022,258,229,127,1761,11890,7020,1940,560,240,20,1,34350,379.595082,331.1356165,0,0,0
93013,1,0,0,0,1,8,2.5,1,0,0,0,1,1,0,0,0,Las Vegas,581222,70.97,594811,347373,6677,20815,16919,31042,2350,2010,1090,670,1120,460,2,68142,610.2150535,636.5916001,0,0,0
94523,0,1,0,0,1,37,5,1,1,0,0,1,0,1,0,0,Phoenix,1696537,66.87,1725834,1239101,8089,29993,23201,52991,4080,2770,2260,1950,4300,1980,3,86243,455.6874696,448.5173522,1,0,0